elapsed, window, n, min, mean, median, 95th, 99th, 99_9th, max, errors
10.000931, 10.000931, 14779, 1285, 2562.8, 2474, 3352, 3897, 5623, 48198, 0
20.001947, 10.001016, 14703, 1558, 2556.5, 2476, 3336, 3874, 5329, 71835, 0
30.002051, 10.000104, 14785, 1385, 2547.6, 2471, 3329, 3798, 5919, 57251, 0
40.001017, 9.998966, 14655, 1407, 2550.2, 2478, 3339, 3827, 4836, 58616, 0
50.001901, 10.000884, 14973, 1279, 2516.0, 2449, 3306, 3771, 4867, 7593, 0
60.001943, 10.000042, 14841, 1369, 2530.3, 2455, 3297, 3799, 4870, 69379, 0
61.009333, 1.00739, 1457, 1369, 2528.9, 2454, 3294, 3791, 4831, 69379, 0
