elapsed, window, n, min, mean, median, 95th, 99th, 99_9th, max, errors
10.000931, 10.000931, 750, 1460, 2539.1, 2459, 3464, 3978, 4563, 4688, 0
20.001947, 10.001016, 783, 1722, 2524.4, 2435, 3382, 3927, 4688, 4693, 0
30.002051, 10.000104, 751, 1621, 2555.4, 2455, 3484, 3908, 4527, 5101, 0
40.001017, 9.998966, 830, 1506, 2621.3, 2453, 3505, 4072, 5453, 66708, 0
50.001901, 10.000884, 779, 1641, 2510.2, 2417, 3377, 3895, 4670, 5186, 0
60.001943, 10.000042, 797, 1533, 2505.6, 2395, 3498, 4036, 4501, 5548, 0
61.009333, 1.00739, 71, 1533, 2513.5, 2399, 3519, 4036, 4501, 5548, 0
