elapsed, window, total, successful, failed
10.000931, 10.000931, 15529, 15529, 0
20.001947, 10.001016, 15486, 15486, 0
30.002051, 10.000104, 15536, 15536, 0
40.001017, 9.998966, 15485, 15485, 0
50.001901, 10.000884, 15752, 15752, 0
60.001943, 10.000042, 15638, 15638, 0
61.009333, 1.00739, 1528, 1528, 0
