elapsed, window, n, min, mean, median, 95th, 99th, 99_9th, max, errors
10.000549, 10.000549, 14577, 1306, 2600.5, 2496, 3383, 4186, 11322, 52319, 0
20.001548, 10.000999, 14859, 1384, 2529.5, 2442, 3304, 3946, 10408, 15280, 0
30.001507, 9.999959, 14943, 1229, 2523.8, 2432, 3281, 3844, 10368, 12280, 0
40.002022, 10.000515, 14613, 1355, 2557.6, 2473, 3324, 3918, 10503, 14093, 0
50.000925, 9.998903, 15051, 1376, 2507.1, 2424, 3264, 3805, 10812, 13616, 0
60.001711, 10.000786, 14960, 1416, 2516.2, 2433, 3253, 3808, 10715, 13299, 0
61.009714, 1.008003, 1507, 1320, 2503.9, 2423, 3245, 3791, 10733, 13299, 0
