elapsed, window, n, min, mean, median, 95th, 99th, 99_9th, max, errors
10.000549, 10.000549, 742, 1687, 2594.9, 2486, 3421, 3841, 9813, 10799, 0
20.001548, 10.000999, 788, 1665, 2520.2, 2428, 3417, 3925, 4645, 9657, 0
30.001507, 9.999959, 758, 1699, 2572.5, 2460, 3407, 3908, 9171, 13459, 0
40.002022, 10.000515, 832, 1598, 2585.1, 2477, 3436, 4077, 11370, 11552, 0
50.000925, 9.998903, 781, 1612, 2527.8, 2395, 3358, 3869, 9226, 11008, 0
60.001711, 10.000786, 810, 1498, 2508.0, 2384, 3364, 3936, 9778, 9898, 0
61.009714, 1.008003, 65, 1498, 2514.9, 2387, 3396, 3944, 9778, 9898, 0
