elapsed, window, total, successful, failed
10.000549, 10.000549, 15319, 15319, 0
20.001548, 10.000999, 15647, 15647, 0
30.001507, 9.999959, 15701, 15701, 0
40.002022, 10.000515, 15445, 15445, 0
50.000925, 9.998903, 15832, 15832, 0
60.001711, 10.000786, 15770, 15770, 0
61.009714, 1.008003, 1572, 1572, 0
