elapsed, window, n, min, mean, median, 95th, 99th, 99_9th, max, errors
10.000541, 10.000541, 15022, 1163, 2518.6, 2438, 3322, 3824, 4838, 53208, 0
20.001463, 10.000922, 14944, 1294, 2518.4, 2455, 3320, 3804, 4605, 5344, 0
30.001747, 10.000284, 14824, 1450, 2542.1, 2468, 3340, 3836, 5355, 25145, 0
40.001425, 9.999678, 14841, 1412, 2531.8, 2468, 3330, 3833, 4741, 6407, 0
50.001502, 10.000077, 14771, 1431, 2546.9, 2480, 3340, 3806, 4639, 6265, 0
60.001471, 9.999969, 14891, 1360, 2523.1, 2456, 3324, 3785, 4709, 6831, 0
61.013607, 1.012136, 1475, 1360, 2522.2, 2455, 3316, 3783, 4815, 6831, 0
