elapsed, window, n, min, mean, median, 95th, 99th, 99_9th, max, errors
10.000541, 10.000541, 763, 1584, 2535.0, 2426, 3485, 3975, 5073, 5409, 0
20.001463, 10.000922, 799, 1650, 2503.2, 2422, 3368, 3856, 4229, 4286, 0
30.001747, 10.000284, 744, 1573, 2523.0, 2426, 3466, 3861, 4020, 4200, 0
40.001425, 9.999678, 845, 1501, 2526.6, 2441, 3515, 3984, 5101, 5457, 0
50.001502, 10.000077, 766, 1668, 2536.1, 2418, 3408, 3817, 4826, 5688, 0
60.001471, 9.999969, 802, 1628, 2505.0, 2391, 3360, 3937, 4466, 4840, 0
61.013607, 1.012136, 74, 1628, 2513.2, 2403, 3390, 3927, 4466, 4840, 0
