elapsed, window, total, successful, failed
10.000541, 10.000541, 15785, 15785, 0
20.001463, 10.000922, 15743, 15743, 0
30.001747, 10.000284, 15568, 15568, 0
40.001425, 9.999678, 15686, 15686, 0
50.001502, 10.000077, 15537, 15537, 0
60.001471, 9.999969, 15693, 15693, 0
61.013607, 1.012136, 1549, 1549, 0
